{"cameraMode":{"drawMode":0,"name":"Shaded","section":"Shading Mode"},"sceneLighting":true,"audioPlay":false,"sceneViewState":{"showFog":true,"showMaterialUpdate":false,"showSkybox":true,"showFlares":true,"showImageEffects":true,"showParticleSystems":false},"in2DMode":false,"pivot":{"x":-192.52218627929688,"y":-241.60589599609376,"z":-16.514802932739259},"rotation":{"x":0.3048560619354248,"y":-0.6355493664741516,"z":0.301858514547348,"w":0.6418889164924622},"size":759.8267822265625,"orthographic":false}