{"cameraMode":{"drawMode":0,"name":"Shaded","section":"Shading Mode"},"sceneLighting":true,"audioPlay":false,"sceneViewState":{"showFog":true,"showMaterialUpdate":false,"showSkybox":true,"showFlares":true,"showImageEffects":true,"showParticleSystems":false},"in2DMode":false,"pivot":{"x":-381.3238220214844,"y":177.98895263671876,"z":282.6700439453125},"rotation":{"x":0.4703240692615509,"y":-0.02646747976541519,"z":0.014113971032202244,"w":0.8819838762283325},"size":29930.400390625,"orthographic":false}