{"cameraMode":{"drawMode":0,"name":"Shaded","section":"Shading Mode"},"sceneLighting":false,"audioPlay":false,"sceneViewState":{"showFog":true,"showMaterialUpdate":false,"showSkybox":true,"showFlares":true,"showImageEffects":true,"showParticleSystems":false},"in2DMode":false,"pivot":{"x":120.5706787109375,"y":10.447734832763672,"z":91.97276306152344},"rotation":{"x":-0.3912964165210724,"y":-0.26266181468963625,"z":0.11758231371641159,"w":-0.8741111755371094},"size":30.73310661315918,"orthographic":true}