{"cameraMode":{"drawMode":0,"name":"Shaded","section":"Shading Mode"},"sceneLighting":false,"audioPlay":false,"sceneViewState":{"showFog":true,"showMaterialUpdate":false,"showSkybox":true,"showFlares":true,"showImageEffects":true,"showParticleSystems":false},"in2DMode":false,"pivot":{"x":132.8042755126953,"y":9.490046501159668,"z":78.98130798339844},"rotation":{"x":-0.3912964165210724,"y":-0.26266181468963625,"z":0.11758231371641159,"w":-0.8741111755371094},"size":25.625207901000978,"orthographic":true}