{"cameraMode":{"drawMode":0,"name":"Shaded","section":"Shading Mode"},"sceneLighting":false,"audioPlay":false,"sceneViewState":{"showFog":true,"showMaterialUpdate":false,"showSkybox":true,"showFlares":true,"showImageEffects":true,"showParticleSystems":false},"in2DMode":false,"pivot":{"x":-1.3235750198364258,"y":0.9170193672180176,"z":1.7374638319015504},"rotation":{"x":0.3583829700946808,"y":-0.2960248589515686,"z":0.1209559291601181,"w":0.8770979046821594},"size":15.359667778015137,"orthographic":false}