{"cameraMode":{"drawMode":0,"name":"Shaded","section":"Shading Mode"},"sceneLighting":true,"audioPlay":false,"sceneViewState":{"showFog":true,"showMaterialUpdate":false,"showSkybox":true,"showFlares":true,"showImageEffects":true,"showParticleSystems":false},"in2DMode":false,"pivot":{"x":1.8140122890472413,"y":2.999865770339966,"z":9.559535026550293},"rotation":{"x":0.23933739960193635,"y":-0.4179178476333618,"z":0.11512098461389542,"w":0.8687977194786072},"size":228.06402587890626,"orthographic":true}