{"cameraMode":{"drawMode":0,"name":"Shaded","section":"Shading Mode"},"sceneLighting":true,"audioPlay":false,"sceneViewState":{"showFog":true,"showMaterialUpdate":false,"showSkybox":true,"showFlares":true,"showImageEffects":true,"showParticleSystems":false},"in2DMode":false,"pivot":{"x":1.6956472396850587,"y":2.999889850616455,"z":7.8535661697387699},"rotation":{"x":-0.12501558661460877,"y":-0.8737305998802185,"z":0.35640984773635867,"w":-0.3064931035041809},"size":195.6173858642578,"orthographic":true}