{"cameraMode":{"drawMode":0,"name":"Shaded","section":"Shading Mode"},"sceneLighting":true,"audioPlay":false,"sceneViewState":{"showFog":true,"showMaterialUpdate":false,"showSkybox":true,"showFlares":true,"showImageEffects":true,"showParticleSystems":false},"in2DMode":false,"pivot":{"x":263.8185729980469,"y":-111.90028381347656,"z":87.61772155761719},"rotation":{"x":-0.3753175139427185,"y":-0.1390797644853592,"z":0.05707380920648575,"w":-0.9146235585212708},"size":293.7361145019531,"orthographic":true}