{"cameraMode":{"drawMode":0,"name":"Shaded","section":"Shading Mode"},"sceneLighting":true,"audioPlay":false,"sceneViewState":{"showFog":true,"showMaterialUpdate":false,"showSkybox":true,"showFlares":true,"showImageEffects":true,"showParticleSystems":false},"in2DMode":false,"pivot":{"x":2.0059397220611574,"y":2.9998884201049806,"z":11.375298500061036},"rotation":{"x":0.2850624620914459,"y":0.4405842423439026,"z":-0.14987166225910188,"w":0.8379518985748291},"size":89.4056167602539,"orthographic":true}