{"cameraMode":{"drawMode":0,"name":"Shaded","section":"Shading Mode"},"sceneLighting":false,"audioPlay":false,"sceneViewState":{"showFog":true,"showMaterialUpdate":false,"showSkybox":true,"showFlares":true,"showImageEffects":true,"showParticleSystems":false},"in2DMode":false,"pivot":{"x":-0.0000171661376953125,"y":2.4868953227996828,"z":0.000003814697265625},"rotation":{"x":-0.3496147692203522,"y":-0.4350176751613617,"z":0.18820899724960328,"w":-0.8081501722335815},"size":17.0813045501709,"orthographic":true}