{"cameraMode":{"drawMode":0,"name":"Shaded","section":"Shading Mode"},"sceneLighting":true,"audioPlay":false,"sceneViewState":{"showFog":true,"showMaterialUpdate":false,"showSkybox":true,"showFlares":true,"showImageEffects":true,"showParticleSystems":false},"in2DMode":false,"pivot":{"x":-110.63545227050781,"y":-103.13587951660156,"z":249.41993713378907},"rotation":{"x":-0.1957997828722,"y":0.17674212157726289,"z":-0.03591017797589302,"w":-0.9639165997505188},"size":285.05377197265627,"orthographic":false}