{"cameraMode":{"drawMode":0,"name":"Shaded","section":"Shading Mode"},"sceneLighting":true,"audioPlay":false,"sceneViewState":{"showFog":true,"showMaterialUpdate":false,"showSkybox":true,"showFlares":true,"showImageEffects":true,"showParticleSystems":false},"in2DMode":false,"pivot":{"x":30.662975311279298,"y":49.46950149536133,"z":-21.026620864868165},"rotation":{"x":0.20584222674369813,"y":0.5568561553955078,"z":-0.14479652047157288,"w":0.7915644645690918},"size":60.50265884399414,"orthographic":false}