{"cameraMode":{"drawMode":0,"name":"Shaded","section":"Shading Mode"},"sceneLighting":true,"audioPlay":false,"sceneViewState":{"showFog":true,"showMaterialUpdate":false,"showSkybox":true,"showFlares":true,"showImageEffects":true,"showParticleSystems":false},"in2DMode":false,"pivot":{"x":1198.5699462890625,"y":1206.10693359375,"z":40.32294845581055},"rotation":{"x":-0.2816377580165863,"y":-0.23997001349925996,"z":0.07300188392400742,"w":-0.9261562824249268},"size":4787.14697265625,"orthographic":true}