{"cameraMode":{"drawMode":0,"name":"Shaded","section":"Shading Mode"},"sceneLighting":true,"audioPlay":false,"sceneViewState":{"showFog":true,"showMaterialUpdate":false,"showSkybox":true,"showFlares":true,"showImageEffects":true,"showParticleSystems":false},"in2DMode":false,"pivot":{"x":-144.19586181640626,"y":-277.22747802734377,"z":-50.71860122680664},"rotation":{"x":0.32688942551612856,"y":-0.6391181349754334,"z":0.34576740860939028,"w":0.6042484641075134},"size":246.40850830078126,"orthographic":true}